{
  "VTI": {
    "Symbol": "VTI",
    "Type": "US",
    "Expense Ratio": 0.0003,
    "1 year": -0.16870000000000002,
    "3 year": 0.0967,
    "5 year": 0.098,
    "10 year": 0.1241,
    "Life": 0.07780000000000001,
    "Std Dev": 14.97,
    "Inception Date": "2001-05-24"
  },
  "VOO": {
    "Symbol": "VOO",
    "Type": "US",
    "Expense Ratio": 0.0003,
    "1 year": -0.1462,
    "3 year": 0.1017,
    "5 year": 0.1041,
    "10 year": 0.1276,
    "Life": 0.1305,
    "Std Dev": 14.55,
    "Inception Date": "2010-09-07"
  },
  "BND": {
    "Symbol": "BND",
    "Type": "Bond",
    "Expense Ratio": 0.0003,
    "1 year": -0.1559,
    "3 year": -0.0373,
    "5 year": -0.005,
    "10 year": 0.0073,
    "Life": 0.0265,
    "Std Dev": 4.03,
    "Inception Date": "2007-04-03"
  },
  "VXUS": {
    "Symbol": "VXUS",
    "Type": "Intl",
    "Expense Ratio": 0.0007000000000000001,
    "1 year": -0.2477,
    "3 year": -0.011899999999999999,
    "5 year": -0.0042,
    "10 year": 0.0361,
    "Life": 0.026000000000000002,
    "Std Dev": 14.23,
    "Inception Date": "2011-01-26"
  },
  "VNQ": {
    "Symbol": "VNQ",
    "Type": "REIT",
    "Expense Ratio": 0.0012,
    "1 year": -0.2144,
    "3 year": -0.0086,
    "5 year": 0.04,
    "10 year": 0.0669,
    "Life": 0.0745,
    "Std Dev": 16.79,
    "Inception Date": "2004-09-23"
  },
  "VNQI": {
    "Symbol": "VNQI",
    "Type": "REIT",
    "Expense Ratio": 0.0012,
    "1 year": -0.31420000000000003,
    "3 year": -0.11109999999999999,
    "5 year": -0.047400000000000005,
    "10 year": 0.0079,
    "Life": 0.015600000000000001,
    "Std Dev": 15.11,
    "Inception Date": "2010-11-01"
  },
  "USRT": {
    "Symbol": "USRT",
    "Type": "REIT",
    "Expense Ratio": 0.0008,
    "1 year": -0.1858,
    "3 year": -0.0102,
    "5 year": 0.0403,
    "10 year": 0.061500000000000006,
    "Life": 0.041100000000000005,
    "Std Dev": 16.92,
    "Inception Date": "2007-05-01"
  },
  "IXUS": {
    "Symbol": "IXUS",
    "Type": "Intl",
    "Expense Ratio": 0.0007000000000000001,
    "1 year": -0.251,
    "3 year": -0.0123,
    "5 year": -0.004699999999999999,
    "10 year": 0.0351,
    "Life": 0.0335,
    "Std Dev": 14.34,
    "Inception Date": "2012-10-18"
  },
  "SPDW": {
    "Symbol": "SPDW",
    "Type": "Intl",
    "Expense Ratio": 0.0004,
    "1 year": -0.2408,
    "3 year": -0.0063,
    "5 year": 0.0014000000000000002,
    "10 year": 0.041299999999999996,
    "Life": 0.015300000000000001,
    "Std Dev": 14.58,
    "Inception Date": "2007-04-20"
  },
  "VWO": {
    "Symbol": "VWO",
    "Type": "Intl",
    "Expense Ratio": 0.0008,
    "1 year": -0.2764,
    "3 year": -0.0269,
    "5 year": -0.018500000000000003,
    "10 year": 0.0121,
    "Life": 0.046,
    "Std Dev": 15.84,
    "Inception Date": "2005-03-04"
  },
  "DFAC": {
    "Symbol": "DFAC",
    "Type": "US",
    "Expense Ratio": 0.0019,
    "1 year": -0.1201,
    "3 year": 0.1039,
    "5 year": 0.0907,
    "10 year": 0.1195,
    "Life": 0.08130000000000001,
    "Std Dev": 15.89,
    "Inception Date": "2007-10-04"
  },
  "IVV": {
    "Symbol": "IVV",
    "Type": "US",
    "Expense Ratio": 0.0003,
    "1 year": -0.1462,
    "3 year": 0.1018,
    "5 year": 0.1041,
    "10 year": 0.1277,
    "Life": 0.0642,
    "Std Dev": 14.54,
    "Inception Date": "2000-05-15"
  },
  "VUG": {
    "Symbol": "VUG",
    "Type": "US",
    "Expense Ratio": 0.0004,
    "1 year": -0.2868,
    "3 year": 0.10060000000000001,
    "5 year": 0.1125,
    "10 year": 0.1352,
    "Life": 0.0944,
    "Std Dev": 16.44,
    "Inception Date": "2004-01-26"
  },
  "SPY": {
    "Symbol": "SPY",
    "Type": "US",
    "Expense Ratio": 0.0009,
    "1 year": -0.1463,
    "3 year": 0.1016,
    "5 year": 0.10369999999999999,
    "10 year": 0.1268,
    "Life": 0.0959,
    "Std Dev": 14.51,
    "Inception Date": "1993-01-22"
  },
  "QQQ": {
    "Symbol": "QQQ",
    "Type": "US",
    "Expense Ratio": 0.002,
    "1 year": -0.2757,
    "3 year": 0.1286,
    "5 year": 0.1361,
    "10 year": 0.1677,
    "Life": 0.081,
    "Std Dev": 17.21,
    "Inception Date": "1999-03-10"
  },
  "VTV": {
    "Symbol": "VTV",
    "Type": "US",
    "Expense Ratio": 0.0004,
    "1 year": -0.0092,
    "3 year": 0.09480000000000001,
    "5 year": 0.091,
    "10 year": 0.11779999999999999,
    "Life": 0.0834,
    "Std Dev": 14.29,
    "Inception Date": "2004-01-26"
  },
  "AGG": {
    "Symbol": "AGG",
    "Type": "Bond",
    "Expense Ratio": 0.0004,
    "1 year": -0.1555,
    "3 year": -0.0375,
    "5 year": -0.005699999999999999,
    "10 year": 0.0070999999999999995,
    "Life": 0.0282,
    "Std Dev": 3.95,
    "Inception Date": "2003-09-22"
  }
}
