{
    "Problem": [
        {
            "Lower bound": 1.00613476486058,
            "Name": "unknown",
            "Number of constraints": 10,
            "Number of nonzeros": 14,
            "Number of objectives": 1,
            "Number of variables": 5,
            "Sense": "maximize",
            "Upper bound": 1.00613476486058
        }
    ],
    "Solution": [
        {
            "number of solutions": 0,
            "number of solutions displayed": 0
        }
    ],
    "Solver": [
        {
            "Error rc": 0,
            "Statistics": {
                "Branch and bound": {
                    "Number of bounded subproblems": 0,
                    "Number of created subproblems": 0
                }
            },
            "Status": "ok",
            "Termination condition": "optimal",
            "Time": 0.05285811424255371
        }
    ]
}