{
  "sysInput": {
    "total_current_income": 100000,
    "current_annual_spending": 60000,
    "current_age": 30,
    "accounts": [
      {
        "type": "Trad IRA",
        "total_yearly_investment_contribution": 500,
        "current_balance_investment_accounts": 5000,
        "rate_of_return_all_investments": 0.02,
        "usChoice": "VOO",
        "intrnlChoice": "VXUS",
        "bondChoice": "BND"
      },
      {
        "type": "Roth 401k",
        "total_yearly_investment_contribution": 300,
        "current_balance_investment_accounts": 40000,
        "rate_of_return_all_investments": 0.02,
        "usChoice": "VOO",
        "intrnlChoice": "VXUS",
        "bondChoice": "BND"
      }
    ],
    "expected_annual_spending_in_retirement": 10000,
    "expected_monthly_SS_check_amount_in_retirement": 1200,
    "expected_monthly_pension_check_amount_in_retirement": 2000,
    "expected_part_time_job_annual_income_in_retirement": 0,
    "retirement_age": 100,
    "current_amount_paying_in_taxes_annually": 3000,
    "expected_amount_will_pay_in_taxes_annually_in_retirement": 250,
    "expected_number_of_years_left_to_live_after_retirement": 20,
    "expected_inflation": 0.02,
    "expected_salary_increase": 0.02,
    "how_important_expected_return_is_to_user": "TBD",
    "how_important_volatility_is_to_user": "TBD",
    "how_important_cost_is_to_user": "TBD"
  },
  "rec1OutputParams": {
    "optionCoords": [
        [
            0.286195097889961,
            280380.2913100417
        ]
    ],
    "optionVals": {
        "Option1": {
            "maxY": 280425.027938734,
            "minY": 280335.5616946323,
            "rec": {
                "constraints": true,
                "sub_account_outputs": [
                    {
                        "account_asset_info": {
                            "bondChoice": {
                                "annualized_rate_of_return": 0.06298771641187595,
                                "dateOfInception": "2007-04-03",
                                "expense_ratio": 0.0003,
                                "std_dev_since_inception": 0.0009917618527955662,
                                "ticker": "BND",
                                "weight": 0
                            },
                            "intrnlChoice": {
                                "annualized_rate_of_return": -0.0035107408114087857,
                                "dateOfInception": "2011-01-26",
                                "expense_ratio": 0.0007000000000000001,
                                "std_dev_since_inception": 0.004818405096607154,
                                "ticker": "VXUS",
                                "weight": 0
                            },
                            "usChoice": {
                                "annualized_rate_of_return": 0.14309755455972484,
                                "dateOfInception": "2010-09-07",
                                "expense_ratio": 0.0003,
                                "std_dev_since_inception": 0.00005838299537182713,
                                "ticker": "VOO",
                                "weight": 1
                            }
                        },
                        "account_expected_return": 0.14309755455972484,
                        "account_std_dev": 0.00005838299537182713,
                        "account_type": "Trad IRA",
                        "account_variance": 3.408574148586788e-9,
                        "constraints": true,
                        "debug": {
                            "constraintbreakdown": {
                                "ageLegalLimitsOnContributionSatisfied": true,
                                "allAssetWeightsGreaterThanEqualZero": true,
                                "allocateMoreAccordingToTraits": true,
                                "assetWeightsSumToOne": true,
                                "legalYearlyLimitsOnContributionSatisfied": true,
                                "yearlyContributionGreaterThanEqualZero": true,
                                "yearlyContributionWithInBudget": true
                            }
                        },
                        "legal_limits_on_C_for_year_range": 6500,
                        "portfolio_var_proxy": 0.00005838299537182713,
                        "total_account_balance_at_end_of_range": 52931.913226810444,
                        "total_account_balance_each_year": [
                            12211.823126466785,
                            20453.167361034302,
                            29871.00160372107,
                            40633.275244797536,
                            52931.913226810444
                        ],
                        "total_account_balance_minus_std_dev": 52924.42962915157,
                        "total_account_balance_plus_std_dev": 52939.397875757815,
                        "total_cost_incurred_on_account_by_end_of_range": 46.84440749109637,
                        "total_growth_of_account_over_range": 36077.43886399312,
                        "total_yearly_cost_on_account": 15.88433926982408,
                        "total_yearly_investment_contributions_to_account": 6500
                    },
                    {
                        "account_asset_info": {
                            "bondChoice": {
                                "annualized_rate_of_return": 0.06298783176992573,
                                "dateOfInception": "2007-04-03",
                                "expense_ratio": 0.0003,
                                "std_dev_since_inception": 0.0009918159043795342,
                                "ticker": "BND",
                                "weight": 0
                            },
                            "intrnlChoice": {
                                "annualized_rate_of_return": -0.003510773091742969,
                                "dateOfInception": "2011-01-26",
                                "expense_ratio": 0.0007000000000000001,
                                "std_dev_since_inception": 0.004818388847554811,
                                "ticker": "VXUS",
                                "weight": 0
                            },
                            "usChoice": {
                                "annualized_rate_of_return": 0.14309754333023617,
                                "dateOfInception": "2010-09-07",
                                "expense_ratio": 0.0003,
                                "std_dev_since_inception": 0.00005846025583465595,
                                "ticker": "VOO",
                                "weight": 1
                            }
                        },
                        "account_expected_return": 0.14309754333023617,
                        "account_std_dev": 0.00005846025583465595,
                        "account_type": "Roth 401k",
                        "account_variance": 3.417601512253425e-9,
                        "constraints": true,
                        "debug": {
                            "constraintbreakdown": {
                                "ageLegalLimitsOnContributionSatisfied": true,
                                "allAssetWeightsGreaterThanEqualZero": true,
                                "allocateMoreAccordingToTraits": true,
                                "assetWeightsSumToOne": true,
                                "legalYearlyLimitsOnContributionSatisfied": true,
                                "yearlyContributionGreaterThanEqualZero": true,
                                "yearlyContributionWithInBudget": true
                            }
                        },
                        "legal_limits_on_C_for_year_range": 22500,
                        "portfolio_var_proxy": 0.00005846025583465595,
                        "total_account_balance_at_end_of_range": 227448.37808323122,
                        "total_account_balance_each_year": [
                            68203.43456268948,
                            100433.03954174627,
                            137263.56934112782,
                            179351.82720791196,
                            227448.37808323122
                        ],
                        "total_account_balance_minus_std_dev": 227411.13206548072,
                        "total_account_balance_plus_std_dev": 227485.63006297615,
                        "total_cost_incurred_on_account_by_end_of_range": 213.87423689207964,
                        "total_growth_of_account_over_range": 141119.50866604724,
                        "total_yearly_cost_on_account": 68.25498992194595,
                        "total_yearly_investment_contributions_to_account": 22500
                    }
                ],
                "total_balance_from_all_investments_at_end_of_year_range": 280380.2913100417,
                "total_balance_from_all_investments_minus_std_dev": 280335.5616946323,
                "total_balance_from_all_investments_plus_std_dev": 280425.027938734,
                "total_expected_return": 0.286195097889961,
                "total_growth_of_all_accounts": 177196.94753004037,
                "total_std_dev": 0.00011684325120648307,
                "total_variance": 6.8261756608402135e-9,
                "user_information": {
                    "current_amount_paying_in_taxes_annually": 3000,
                    "current_spending": 60000,
                    "retirement_age": 35,
                    "total_current_income": 100000,
                    "utility_of_expected_return": "TBD",
                    "utility_of_total_cost": "TBD",
                    "utility_of_volatility": "TBD",
                    "year_range_running_model_on": {
                        "end_age": 35,
                        "start_age": 30
                    }
                }
            },
            "xcoord": 0.286195097889961,
            "ycoord": 280380.2913100417
        },
        "options": [
            "Option1"
        ]
    }
},
  "nextPoint": "2",
  "totalNumPoints": "3",
  "minXVal": "-789.9260798232332",
  "maxXVal": "177196.95003578506",
  "minYVal": "0.00011685177087724413",
  "maxYVal": "0.009636824279664946"
}
