{
  "72": {
    "age": 72,
    "distribution_period": 27.4
  },
  "73": {
    "age": 73,
    "distribution_period": 26.5
  },
  "74": {
    "age": 74,
    "distribution_period": 25.5
  },
  "75": {
    "age": 75,
    "distribution_period": 24.6
  },
  "76": {
    "age": 76,
    "distribution_period": 23.7
  },
  "77": {
    "age": 77,
    "distribution_period": 22.9
  },
  "78": {
    "age": 78,
    "distribution_period": 22.0
  },
  "79": {
    "age": 79,
    "distribution_period": 21.1
  },
  "80": {
    "age": 80,
    "distribution_period": 20.2
  },
  "81": {
    "age": 81,
    "distribution_period": 19.4
  },
  "82": {
    "age": 82,
    "distribution_period": 18.5
  },
  "83": {
    "age": 83,
    "distribution_period": 17.7
  },
  "84": {
    "age": 84,
    "distribution_period": 16.8
  },
  "85": {
    "age": 85,
    "distribution_period": 16.0
  },
  "86": {
    "age": 86,
    "distribution_period": 15.2
  },
  "87": {
    "age": 87,
    "distribution_period": 14.4
  },
  "88": {
    "age": 88,
    "distribution_period": 13.7
  },
  "89": {
    "age": 89,
    "distribution_period": 12.9
  },
  "90": {
    "age": 90,
    "distribution_period": 12.2
  },
  "91": {
    "age": 91,
    "distribution_period": 11.5
  },
  "92": {
    "age": 92,
    "distribution_period": 10.8
  },
  "93": {
    "age": 93,
    "distribution_period": 10.1
  },
  "94": {
    "age": 94,
    "distribution_period": 9.5
  },
  "95": {
    "age": 95,
    "distribution_period": 8.9
  },
  "96": {
    "age": 96,
    "distribution_period": 8.4
  },
  "97": {
    "age": 97,
    "distribution_period": 7.8
  },
  "98": {
    "age": 98,
    "distribution_period": 7.3
  },
  "99": {
    "age": 99,
    "distribution_period": 6.8
  },
  "100": {
    "age": 100,
    "distribution_period": 6.4
  },
  "101": {
    "age": 101,
    "distribution_period": 6.0
  },
  "102": {
    "age": 102,
    "distribution_period": 5.6
  },
  "103": {
    "age": 103,
    "distribution_period": 5.2
  },
  "104": {
    "age": 104,
    "distribution_period": 4.9
  },
  "105": {
    "age": 105,
    "distribution_period": 4.6
  },
  "106": {
    "age": 106,
    "distribution_period": 4.3
  },
  "107": {
    "age": 107,
    "distribution_period": 4.1
  },
  "108": {
    "age": 108,
    "distribution_period": 3.9
  },
  "109": {
    "age": 109,
    "distribution_period": 3.7
  },
  "110": {
    "age": 110,
    "distribution_period": 3.5
  },
  "111": {
    "age": 111,
    "distribution_period": 3.4
  },
  "112": {
    "age": 112,
    "distribution_period": 3.3
  },
  "113": {
    "age": 113,
    "distribution_period": 3.1
  },
  "114": {
    "age": 114,
    "distribution_period": 3.0
  },
  "115": {
    "age": 115,
    "distribution_period": 2.9
  },
  "116": {
    "age": 116,
    "distribution_period": 2.8
  },
  "117": {
    "age": 117,
    "distribution_period": 2.7
  },
  "118": {
    "age": 118,
    "distribution_period": 2.5
  },
  "119": {
    "age": 119,
    "distribution_period": 2.3
  },
  "120": {
    "age": 120,
    "distribution_period": 2.0
  }
}
